,Project name,Group members,Domain,Application,3 min Presentation video link,
e.g.,Decentralized voting system ,"EG/2022/xxxx,EG/2022/xxx",Egovernance,Create a ....  ,[you tube or online storage link],26
1,AgriTrace,"EG/2021/4599, EG/2021/4604, EG/2021/4609",Supply Chain (Agriculture),"A blockchain-based system for tracking agricultural products from farmers to consumers, providing transparent and tamper-resistant information about the product’s origin, processing, transportation, and distribution.",,
2,Decentralized voting system ,"EG/2021/4718, EG/2021/4725, EG/2021/4735",Egovernance,,,
3,,,,,,
4,,,,,,
5,TenderSeal – Blockchain-Based Sealed-Bid Integrity for Public Procurement,"EG/2021/4550,EG/2021/4530,EG/2021/4502,EG/2021/4544",E-governance / procurement,"A smart-contract system that secures the sealed-bid window of public procurement, from bid submission to bid opening. Registered bidders submit salted cryptographic commitments together with a bid-security deposit before an on-chain deadline. Bids are revealed and verified only after the deadline, the lowest responsive bid is selected automatically, and bidders who fail to reveal forfeit their deposit. This prevents insiders from reading bids early, accepting late or backdated bids, or altering bids after opening, without having to trust the procurement platform operator.",,
6,,,,,,
7,SecureOTA - Blockchain-Anchored Firmware Update Integrity for IoT Devices,"EG/2021/4608, EG/2021/4691, EG/2021/4695, EG/2021/4837",IoT Security / Software Supply Chain Integrity,"A blockchain-based system that anchors cryptographic fingerprints of IoT firmware releases on a public ledger, allowing embedded devices to independently verify the authenticity and integrity of an over-the-air (OTA) update before installing it. preventing tampered-binary injection, rollback to known-vulnerable versions, and continued use of revoked firmware.",,
8,Blockchain-Based Donation Tracking System,"EG/2021/4617, EG/2021/4848, EG/2021/4729",Nonprofit,"This project proposes a blockchain-based donation tracking platform that lets donors contribute funds to a registered campaign or NGO and independently verify, on a public ledger, that their contribution was received and released only against verified milestones.",,
9,,,,,,
10,CertiChain - Blockchain-Based Academic Certificate Verification System,"EG/2021/4661 , EG/2021/4711 , EG/2021/4773 , EG/2021/4823",Education / Document Authentication,"A blockchain-based system to issue, store, and verify academic certificates as tamper-proof digital records, preventing forgery and enabling instant third-party verification without contacting the issuing institution.",,
11,Blockchain-Based AI Model Provenance and Integrity Verification,"EG/2021/4664, EG/2021/4736, EG/2021/4741, EG/2021/4697",Artificial Intelligence Security ,"A blockchain-based system that allows authorized AI model developers to register cryptographic hashes, version information, publisher details, and provenance metadata of released AI models. Users can verify that a downloaded or deployed model matches the authentic registered version, view its version history, and detect modified, unauthorized, or revoked model files. The actual AI models remain off-chain, while only their hashes and provenance records are stored on the blockchain.",,
12,Blockchain-Based Vehicle History Record System (Anti-Odometer Fraud),"EG/2021/4847, EG/2021/4802, EG/2021/4817, EG/2021/4849",Transportation / Automotive,"A tamper-proof record of used-vehicle history. Service centres, insurers and the RMV record mileage, accidents and ownership transfers against the chassis number. Mileage rollback is detected automatically, and buyers can verify a vehicle's history.",,
13,,,,,,
14,Smart Contract for Secure Fund Escrow,"EG/2021/4534, EG/2021/4852, EG/2021/4531",Digital Commerce / Online Transaction Security,"A blockchain based escrow system built on Ethereum that securely holds a buyer's funds in a smart contract and releases them to the seller only upon confirmed delivery. If a dispute arises, an arbiter resolves it on-chain. A timeout mechanism prevents funds from being locked indefinitely. The system eliminates the need for a trusted third-party intermediary by leveraging the transparency and immutability of smart contracts.",https://youtu.be/mF7bt4Z8vTA,
15,TicketChain ,"EG/2021/4648, EG/2021/4894, EG/2021/4874, EG/2021/4892",Event Management / Ticket Authentication,A blockchain-based system for issuing and verifying event tickets using tamper-resistant blockchain records to prevent forged and duplicate tickets.,,
16,Counterfeit Medicine Checker,"EG/2021/4384, EG/2021/4511, EG/2021/4525",Healthcare / Pharmaceutical supply chain,"Blockchain-based medicine authenticity verification: an Ethereum smart contract records each medicine pack as it is made by the manufacturer, approved by the NMRA, and passed to the distributor and then the pharmacy. Patients scan the pack's QR code to see if it is genuine, already sold (copied code), recalled, expired or fake.",,
17,SkillSeal – Blockchain-Based Vocational & Professional Training Certificate Verification,"EG/2021/4738, EG/2021/4804,EG/2021/4634, EG/2021/4747",Vocational Training / Professional Credential Authentication,"A smart-contract system that lets authorized training institutes and professional bodies issue certificates (for example safety, trade or technical certifications) by recording only the SHA-256 hash of the certificate file on Ethereum. The file itself stays off-chain. Employers and inspectors verify a certificate by re-hashing their copy and checking it against the chain. Any change to the file makes verification fail. Only wallets authorized by the owner can issue. Certificates can be revoked (for example if issued by mistake or later withdrawn) while the record and audit trail stay on-chain.",,
18,MediaChain – Decentralized Digital Asset IP & Copyright Timestamping,"EG/2021/4549,EG/2021/4646,EG/2021/4782,EG/2021/4535",Digital IP / Copyright & Media Rights,"A blockchain-based system for creators, designers, and developers to establish undeniable proof of prior art and copyright ownership. Cryptographic signatures and version histories of digital assets (designs, code, audio, media) are anchored on-chain at creation, allowing creators to instantly prove original authorship and detect unauthorized tampering or stolen copies without relying on centralized copyright offices.",,
19,Anti-Counterfeit Product Verification via NFTs,"EG/2021/4468,EG/2021/4488,EG/2021/4475",Supply Chain / Retail Authentication,"A blockchain-based decentralized application where manufacturers mint unique NFTs for physical products at creation. Consumers can scan a QR code to query the smart contract, instantly verifying the product's authenticity, manufacturing metadata (serial number, batch ID), and ownership history to combat counterfeit goods.",,
20,AgentTrust,"EG/2021/4568, EG/2021/4684",Blockchain-Based AI Agent Payment Security,"Reputation-Gated, Validation-Triggered Escrow for Autonomous AI-Agent Payments",,
21,RentTrust,"EG/2021/4514,EG/2021/4507",Real Estate / Property Management,"Blockchain-based rental deposit management and dispute resolution system using smart contracts for secure deposit handling, transparent agreements, and fair settlement between landlords and tenants.",,
22,LandChain – Blockchain-Based Land Ownership Registry,EG/2021/4578,E-Governance / Land & Property Records,"A blockchain-based land registry where the Land Registry office records land parcels as tamper-proof records on Ethereum. Ownership transfers must be requested by the current owner and approved by the registrar, which prevents forged deeds and double-selling of the same land. Buyers and banks can instantly verify the true owner and the full ownership history before a purchase.",,
23,UniLedger – Blockchain-Based Certificate Verification System,"EG/2021/4465, EG/2021/4499, EG/2021/4592, EG/2020/4210",Education / Credential Authentication,A blockchain-based decentralized application for issuing and verifying academic certificates. The system generates a SHA-256 hash of the certificate off-chain and stores it on an Ethereum smart contract. Employers can instantly verify the document's authenticity and detect tampering by querying the immutable on-chain record.,,
24,"EvidenceChain – Blockchain-Based Digital Forensic Evidence Integrity & Chain-of-Custody System

","EG/2021/4702
EG/2021/4434, EG/2021/4527, EG/2021/4875",digital forensics / incident response (cyber security) and blockchain integrity verification,"A blockchain-based evidence management system where investigators record digital evidence (files, logs, images) as tamper-proof hash records on Ethereum. Custody transfers must be logged by the current holder and confirmed by the receiving party, which prevents undetected tampering and disputes over who handled the evidence and when. Courts and auditors can instantly verify that evidence is unaltered and review its complete custody history before it's admitted as proof.",,
25,ThreatChain – Decentralized Cyber Threat Intelligence & Malware Hash Registry,"EG/2021/4395, EG/2021/4398, EG/2021/4399,  EG/2021/4403","Incident Response, Malware Defense & Threat Intelligence (IoC Sharing)","ThreatChain is a decentralized Cyber Threat Intelligence (CTI) platform that uses blockchain technology to maintain a tamper-proof, globally synchronized registry of malicious Indicators of Compromise (IoCs).",,
26,GuardianVault – Smart-Contract Wallet with Guardian-Assisted Recovery,"EG/2021/4805, EG/2021/4835, EG/2021/4613, EG/2021/4671","Blockchain Security / Wallet Access Control and 
Recovery","An Ethereum smart-contract wallet that enables recovery of wallet control after owner-key loss through approval from two of three guardians, a waiting period, and acceptance by the new owner. It supports cancellation by the current owner and uses test cryptocurrency to demonstrate recovery and rejection of unauthorized attempts.",,
27,Software License Verification System,"EG/2020/4202, EG/2020/4029, EG/2020/4128, EG/2020/4351",Software Licensing / Digital Rights Management (DRM) / Software Asset Management,"A blockchain-based platform for issuing, managing, transferring, revoking, and verifying software licenses.",,
28,GreenLedger – Blockchain-Based Renewable Energy Certificate Tracking System,EG/2021/4557,Renewable Energy / Sustainability,"A blockchain-based system for issuing, transferring, and retiring Renewable Energy Certificates (RECs) representing verified renewable electricity generation. Authorized issuers create certificates for verified generation, certificate owners can transfer them, and smart contracts prevent retired certificates from being transferred or reused, helping prevent double counting while providing a transparent and tamper-resistant ownership history.",,
29,Decentralized Key Recovery using Shamir's Secret Sharing,"EG/2021/4408, EG/2021/4418, EG/2021/4623",Cybersecurity,"Create a smart contract based system that lets a user recover a lost private key through a group of trusted guardians. The key is split into 5 pieces using Shamir's Secret Sharing, and the blockchain enforces the rules: at least 3 guardians must approve, and a waiting period lets the owner cancel a fake recovery.",,
30,BugBountyChain -  Decentralized Bug Bounty & Vulnerability Disclosure Platform ,"EG/2021/4510, EG/2021/4529, EG/2021/4575",Cyber Security ,A decentralized vulnerability disclosure and escrow-backed payout system for ethical hackers and open-source project maintainers.,,
31,ExamVault-Blockchain-Based Examination Paper Integrity & Controlled Release System,EG/2020/3850,Education / Cybersecurity / Blockchain Integrity,"A blockchain-based system that protects the integrity of university examination papers. A cryptographic hash of an approved exam paper is recorded on the blockchain along with its exam ID, version, approval timestamp, and scheduled release time. The actual exam paper is encrypted and stored off-chain. Before release, the system recalculates and compares the paper's hash with the blockchain record to detect unauthorized modification or replacement, while maintaining a tamper-resistant audit trail of submission, approval, and release.",,
32,,,,,,
33,,,,,,
34,,,,,,
35,,,,,,
36,,,,,,
37,,,,,,
38,,,,,,
39,,,,,,
40,,,,,,
41,,,,,,
42,,,,,,
43,,,,,,
44,,,,,,
45,,,,,,
46,,,,,,
47,,,,,,